Customer ID,Recency,Frequency,Monetary,class
RH-19495,24,28,75522.04,1
JR-16210,18,21,68130.17,1
CR-12730,22,24,97639.76,1
KM-16375,2,28,68610.28,1
RH-9495,96,3,22968.03,4
JM-15655,8,34,72384.32,1
TS-21340,8,31,73006.18,1
MB-18085,44,30,68667.84,2
JW-15220,12,34,110009.25,1
JH-15985,11,38,130194.06,1
GM-14695,47,19,63587.56,2
AJ-10780,48,25,69919.14,2
MM-7260,131,5,24791.71,4
VF-21715,13,24,67249.68,1
PF-19120,84,28,171364.95,2
BP-11185,1,28,80508.77,1
TB-21175,39,27,90630.97,2
PJ-18835,39,19,133834.86,2
JS-15685,40,26,70476.36,2
RH-9555,26,8,58295.8,1
AB-600,7,5,15150.27,3
SA-20830,63,30,74457.1,2
JK-15325,77,28,87966.2,2
LB-16795,39,31,155706.3,2
NP-18325,1,25,43718.14,1
VD-21670,36,21,73491.42,2
PB-19210,8,27,76496.82,1
EB-14110,35,24,57843.3,1
KF-16285,37,21,86909.81,2
BP-11230,39,23,49733.06,2
RR-19525,0,27,74924.35,1
BS-11365,0,26,132931.89,1
JE-15745,32,35,100131.74,1
DP-13105,6,25,102756.12,1
NP-18700,28,27,94019.24,1
AH-30,468,7,37328.65,2
DM-13015,5,30,79242.62,1
GT-14635,56,20,79155.34,2
PO-18865,0,35,140666.84,1
DL-12865,57,34,56468.58,2
JB-16000,1,32,112370.98,1
BF-11005,8,25,121050.93,1
VG-21805,2,23,157508.71,1
GT-14710,8,30,214039.06,1
ZC-21910,3,37,155687.55,1
SC-20095,75,28,119759.67,2
EB-13840,2,25,103074.75,1
AP-10915,76,32,65501.06,2
SW-20275,21,33,77809.98,1
JH-15820,13,31,125519.27,1
LC-16885,16,29,71770.53,1
TG-11640,30,9,25205.49,3
HR-14830,51,21,40936.38,2
DG-3300,14,6,12171.34,3
SG-20470,90,28,50274.93,2
FH-14365,1,30,152632.12,1
GP-14740,1,25,44391.49,1
MW-18220,17,28,116456.98,1
PO-18850,4,41,152979.15,1
CS-12460,6,23,109804.31,1
KD-16495,46,36,110831.21,2
MS-17980,26,27,85840.45,1
KC-16675,2,23,71521.19,1
DB-13405,28,26,109156.52,1
JD-15895,6,32,98568.15,1
DK-13090,8,36,81513.55,1
CS-11845,15,26,103504.68,1
EM-14200,41,23,92264.49,2
DW-3480,55,12,37186.04,2
AS-10225,12,28,113502.26,1
ST-20530,6,32,78557.53,1
BW-1065,22,5,60049.68,1
LA-16780,13,34,139453.95,1
AB-10150,35,24,75904.62,1
CM-12385,37,25,110176.6,2
BE-11410,84,30,95935.26,2
SZ-20035,13,37,76331.03,1
RM-19375,18,25,82882.76,1
HG-14845,12,30,173457.59,1
DP-3105,64,6,80129.71,2
AR-10540,6,15,30332.44,1
TP-21415,48,22,67327.3,2
AM-10705,25,30,124231.95,1
AB-255,43,8,14104.79,4
RP-19270,7,26,73817.55,1
BK-11260,26,27,70060.2,1
JM-15250,35,24,83992.21,1
LW-16990,23,23,48406.2,1
NZ-18565,85,26,106748.15,2
SV-10815,8,9,38461.99,1
SC-20695,9,35,101988.61,1
NC-18625,20,29,89782.07,1
NF-18385,7,32,134879.37,1
PM-18940,21,23,85052.57,1
MZ-17335,21,26,75999.26,1
HM-4980,464,5,23892.38,4
RW-19540,42,25,111345.06,2
LH-17155,75,29,68989.62,2
KM-16660,15,29,49226.07,1
AB-10060,42,32,102219.22,2
DB-13060,16,26,161143.49,1
VM-21685,32,32,85960.57,1
DM-13525,35,19,58258.17,1
NM-18520,19,27,63994.59,1
RO-19780,35,29,100082.43,1
SB-20185,74,31,112263.89,2
EM-14065,16,17,55805.7,1
RS-19765,36,25,68057.6,2
ON-18715,47,33,107506.51,2
VS-21820,138,15,43667.68,2
CM-12115,8,20,73703.67,1
TB-21400,25,26,83841.59,1
AB-10105,27,33,178794.28,1
DW-13540,12,20,56223.42,1
PS-19045,20,26,139146.24,1
CC-12370,43,30,171978.91,2
TC-21295,27,29,89945.6,1
GM-14440,19,26,70457.84,1
SV-20815,34,24,86017.63,1
MM-17920,7,33,108878.47,1
JK-16120,97,26,76515.34,2
DJ-13510,6,31,62171.55,1
AT-10435,12,24,81709.27,1
AB-10015,16,32,94513.7,1
RP-19390,15,34,83069.28,1
MJ-17740,21,26,61378.98,1
PV-18985,8,28,79219.56,1
SB-20290,41,22,99036.15,2
SM-10005,104,8,33829.5,2
KH-16330,16,26,76320.81,1
MP-18175,16,36,87656.97,1
LH-17020,41,18,38763.1,2
ND-18370,12,23,58985.06,1
CR-12625,43,28,84241.43,2
GM-14680,1,31,52687.86,1
RA-19945,1,23,53735.8,1
BW-11110,54,35,137335.44,2
RF-19735,1,23,54646.12,1
AG-10675,47,21,57298.09,2
DM-12955,40,32,115303.49,2
KD-16270,36,29,123265.29,2
BE-11335,35,37,169937.42,1
SO-20335,29,27,69134.52,1
DK-12835,21,32,92291.03,1
LC-7050,6,7,50237.57,1
CG-12520,28,18,64721.36,1
TB-21280,57,26,43097.7,2
HG-15025,6,29,76282.25,1
AD-10180,29,27,87335.22,1
BP-11155,32,24,85970.29,1
AA-10480,125,20,89517.1,2
RL-19615,120,23,68230.81,2
CS-12505,27,16,58276.62,1
SW-20245,12,26,68197.83,1
TA-21385,18,25,200404.39,1
YC-21895,4,27,103204.51,1
JM-15580,0,24,61747.63,1
MZ-7335,112,5,17797.6,4
JF-15295,56,24,121572.38,2
JL-15835,21,30,128619.65,1
DJ-3510,6,7,26714.91,3
MF-18250,7,32,116055.22,1
JE-15610,42,26,53206.31,2
CP-12340,8,30,100271.65,1
EH-14125,102,31,106267.67,2
NC-18340,5,22,59290.72,1
JS-16030,21,32,99176.2,1
AM-10360,15,33,87082.49,1
JF-15190,6,28,88752.94,1
JG-15160,1,32,96702.31,1
DP-13390,0,27,39093.24,1
AG-10330,8,29,48390.43,1
GK-14620,12,24,104945.85,1
NF-18475,6,22,44644.84,1
DR-12940,27,33,150910.38,1
NB-18655,19,22,45338.87,1
NM-18445,30,32,80959.38,1
NP-18670,58,19,53056.27,2
SC-20380,30,37,79752.71,1
PA-9060,177,6,42688.84,2
RB-19570,20,25,63871.8,1
SR-20740,23,33,79036.4,1
RH-19510,20,25,50071.71,1
LH-16750,12,22,40684.34,1
KB-16585,93,27,85556.2,2
EM-13810,78,23,71405.02,2
MZ-7515,78,9,16456.4,4
DM-13345,2,27,88921.61,1
CA-11965,18,26,150261.42,1
SC-20305,29,26,126013.48,1
MH-18115,5,26,50643.33,1
KS-16300,35,21,22700.31,3
BG-11740,6,24,87957.36,1
CR-2625,139,9,32750.97,2
CB-12415,26,23,56200.36,1
AP-10720,41,20,70168.74,2
CR-12820,60,24,73473.19,2
BF-11080,25,21,41352.63,1
JM-15265,37,29,70326.8,2
TW-21025,41,27,83461.2,2
RB-19330,15,32,80883.27,1
JA-15970,0,25,92029.0,1
AB-60,35,9,7353.79,3
JR-5670,128,6,4652.99,4
MD-17350,26,30,86610.35,1
PK-19075,8,29,86894.48,1
TP-21130,2,37,106925.33,1
JK-15640,0,26,68766.69,1
CD-11920,2,27,94571.28,1
JL-5835,54,7,14520.77,4
EP-13915,12,33,85231.32,1
MS-17770,34,36,91230.86,1
CM-12655,27,18,97923.9,1
JC-6105,102,6,26120.02,4
GB-14530,33,25,93590.64,1
JH-16180,50,31,98419.02,2
MT-8070,323,7,48663.08,2
CV-2805,257,7,20668.92,4
NH-18610,20,22,87309.54,1
HJ-14875,5,32,66319.5,1
JL-15175,6,27,53687.51,1
MY-18295,0,29,131040.48,1
MW-18235,16,24,74726.01,1
KC-16540,41,25,127647.47,2
HA-14920,20,25,39972.44,1
MT-17815,49,27,73189.38,2
FW-14395,63,26,65698.28,2
BH-11710,23,31,128563.46,1
DK-12895,45,22,97958.76,2
SC-20845,8,24,40222.01,1
CY-12745,60,31,66878.04,2
HL-15040,30,20,126283.7,1
CT-11995,28,27,75471.17,1
GR-4560,153,6,50200.94,2
TT-21070,14,31,74581.53,1
PO-19195,86,21,66373.71,2
ED-13885,15,31,104418.05,1
TM-21490,40,27,53162.01,2
AW-10840,16,25,68268.58,1
AT-10735,2,29,61563.68,1
SG-10605,233,6,14996.03,4
BM-11785,2,36,78679.71,1
DK-13375,4,26,93879.43,1
PF-19225,2,30,58647.14,1
TG-21310,14,32,45489.02,1
SF-10200,141,8,18267.8,4
JW-5220,100,6,41730.97,2
CC-12100,51,25,50908.43,2
RD-19930,42,22,42322.52,2
BP-1230,83,8,22983.98,4
CS-12175,60,29,86815.65,2
JD-16060,65,19,39734.39,2
GH-14665,2,29,61098.82,1
CM-11935,36,18,40674.66,2
RB-9465,287,3,17316.48,4
RB-19795,32,35,102004.67,1
DL-13495,22,27,83664.64,1
TS-21205,26,32,61660.29,1
MV-8190,7,8,15362.05,3
BD-11560,7,19,40668.88,1
PS-18760,29,28,82168.96,1
FM-14215,7,31,72801.96,1
CA-12775,93,26,117677.56,2
CD-12790,76,25,63746.62,2
NL-18310,25,25,50347.97,1
TB-21055,35,29,78798.84,1
EH-4125,22,13,22059.17,3
KB-16600,1,25,56158.05,1
KW-16435,26,23,78311.39,1
MG-17695,0,25,94297.81,1
HM-14860,1,37,175810.77,1
BP-11290,12,29,62326.93,1
HZ-4950,208,6,15797.56,4
TC-20980,27,28,161197.39,1
EM-13825,55,26,48490.43,2
BS-11800,9,21,70927.18,1
DV-13465,29,20,60737.13,1
MB-17305,1,27,126858.61,1
PC-19000,21,18,51906.26,1
CA-12310,13,21,26030.07,3
KC-16255,44,27,39687.41,2
DB-3660,237,3,14428.28,4
SC-20260,0,26,48707.25,1
BD-11500,19,27,69712.42,1
BM-11140,8,29,149408.75,1
KB-16315,2,29,63613.8,1
JM-15865,68,29,119841.87,2
AF-10885,53,35,101108.25,2
SJ-20500,175,26,65051.17,2
WB-21850,20,38,75246.98,1
CC-12610,16,29,94884.66,1
BE-11455,3,27,110441.66,1
TG-21640,5,33,79133.49,1
MS-17365,5,34,108859.55,1
NP-18685,14,30,54987.9,1
RM-19675,4,19,51926.78,1
SN-20560,71,25,74424.38,2
CD-12280,41,24,71860.72,2
BG-11035,28,33,103382.32,1
CC-12550,27,25,36328.01,1
SV-20785,22,27,73575.98,1
HW-14935,34,28,94784.31,1
AS-10285,18,30,80816.1,1
LD-16855,42,30,67521.8,2
NS-18505,6,25,83547.7,1
CM-12715,41,19,39491.71,2
JD-6060,140,9,9935.17,4
MG-17680,36,28,75153.74,2
DB-13210,7,27,53569.92,1
CS-11860,77,21,47908.26,2
GG-14650,33,28,57896.03,1
BN-11470,11,29,111154.57,1
BS-1665,152,7,45399.77,2
AC-10450,5,19,70693.19,1
CK-12205,4,38,49758.17,1
JD-16150,0,28,88605.32,1
CC-2550,271,5,2087.52,4
MS-17830,23,26,59303.64,1
SM-20950,25,29,54322.41,1
CL-12700,8,31,92340.2,1
CM-12160,26,26,113903.9,1
JC-15775,1,25,43907.5,1
LH-16900,21,29,68651.14,1
DV-13045,19,24,103697.86,1
BT-11530,33,25,75149.3,1
BM-1650,481,8,6877.35,4
MG-18205,2,29,74469.26,1
RB-19705,16,16,33958.68,1
FC-14245,42,23,62670.72,2
TT-21220,37,22,74823.0,2
SJ-20215,28,32,73357.07,1
PB-18805,8,19,46428.43,1
RW-19690,15,25,59016.18,1
DB-3360,434,2,11374.71,4
DK-13150,10,22,125082.27,1
RW-9540,26,7,25027.97,3
MP-17470,5,28,56317.56,1
TB-21625,30,31,60003.98,1
MO-17800,6,25,90860.67,1
MR-17545,97,23,86199.09,2
LC-17050,4,23,61083.54,1
RA-19885,43,23,67081.65,2
MG-8145,281,3,25298.57,4
JE-16165,20,20,43616.24,1
JK-16090,8,33,91604.23,1
EM-13960,2,37,139849.81,1
DJ-13420,22,28,125772.56,1
BO-11425,5,21,68592.57,1
LW-17215,21,24,52094.57,1
PJ-19015,19,22,42745.46,1
KM-16720,28,23,67495.47,1
BG-11695,9,19,51200.04,1
CS-12130,11,22,43006.85,1
MC-17425,23,30,85731.45,1
BD-1635,324,9,27974.37,4
RF-19345,64,27,60939.66,2
MG-7680,74,9,19167.06,4
KH-16690,2,39,93309.23,1
CC-12475,16,30,85022.84,1
LT-16765,6,30,80191.32,1
BF-10975,35,22,29950.94,1
CJ-12010,33,26,91923.04,1
SH-9975,64,8,68488.68,2
SL-20155,29,32,67898.85,1
NC-8340,35,9,7551.05,3
JB-5400,82,7,4840.59,4
TB-21250,2,28,60437.81,1
PS-18970,27,33,77195.56,1
BB-11545,28,26,94442.87,1
SG-10470,128,3,13264.05,4
SP-20920,6,28,147505.35,1
Dp-13240,18,28,116017.5,1
GZ-14470,7,35,101537.1,1
AH-10075,2,34,81368.71,1
CB-2025,22,5,7366.65,3
SC-20050,40,30,80362.46,2
SC-10230,194,3,16742.19,4
JS-15595,5,18,53000.52,1
BS-11380,28,23,106726.07,1
JL-5130,197,12,21247.31,4
AS-10090,15,32,73632.98,1
EL-13735,53,23,58045.29,2
FH-14275,4,23,81053.88,1
OT-18730,33,32,94441.66,1
SM-10320,76,7,23452.13,4
PM-19135,12,22,48434.36,1
TS-11430,118,7,27155.7,4
LS-17245,34,24,49912.82,1
SF-20200,5,28,69920.25,1
CM-11815,40,23,89128.85,2
FG-14260,34,18,38962.19,1
KN-6705,123,5,23665.69,4
TB-11520,18,11,17041.47,3
JB-15400,7,34,58102.64,1
KH-16510,22,26,89416.27,1
DL-13330,12,34,76221.99,1
KN-16390,19,29,122785.62,1
SV-20935,0,28,69072.66,1
MD-17860,36,28,89303.53,2
LS-17200,15,24,63218.52,1
CM-12445,15,25,63626.57,1
SS-20140,15,32,134229.13,1
GH-14425,18,31,104750.54,1
SM-20320,21,21,172416.03,1
GR-14560,49,24,35469.95,2
TS-21370,36,27,89354.55,2
DH-3675,20,12,22954.52,3
MM-8280,71,10,13379.0,4
PM-9135,301,6,2548.6,4
GP-4740,151,8,21812.36,4
AF-10870,6,36,149261.26,1
TS-21505,11,27,80718.38,1
BM-11575,34,25,51871.21,1
AH-10030,12,27,64699.25,1
AG-10495,78,29,87525.23,2
AG-675,173,10,4421.12,4
SW-20755,15,31,117646.29,1
SK-19990,8,19,52529.22,1
AG-10900,57,29,92978.09,2
AJ-960,294,10,18567.99,4
MC-7275,235,5,13328.28,4
ER-13855,69,19,110471.07,2
EJ-13720,49,22,46070.91,2
DH-13675,21,17,33911.3,1
HE-14800,6,27,45153.38,1
KT-16480,27,20,24913.73,3
SB-20170,2,15,70351.16,1
EM-14140,24,30,113021.49,1
VT-21700,7,25,86549.98,1
JS-15880,11,20,64996.74,1
BC-11125,33,28,73235.15,1
NF-18595,11,22,54646.48,1
RH-9600,173,8,18930.03,4
CS-11950,25,31,58829.79,1
CM-12235,42,22,63773.24,2
LW-16825,22,20,44022.0,1
RD-19585,25,31,83347.39,1
BT-11680,18,22,63624.38,1
MD-7860,103,5,65921.42,2
CC-12145,82,24,56655.31,2
XP-21865,43,27,59340.42,2
ML-17410,33,30,65350.86,1
BS-11665,29,24,100342.88,1
SC-20230,16,25,116194.32,1
QJ-19255,25,23,102203.4,1
RE-19450,23,18,54182.01,1
CP-2085,142,10,20328.24,4
JK-5730,483,6,21217.05,4
HZ-14950,35,22,33389.44,1
AR-10570,2,18,46870.91,1
EH-14005,2,28,53804.37,1
JR-15700,7,18,52403.32,1
PL-18925,15,20,59660.54,1
TC-21145,11,25,102698.69,1
DG-13300,30,28,75123.54,1
Dl-13600,5,20,48770.41,1
NC-18415,39,19,43369.85,2
EB-13930,19,18,38648.61,1
CP-12085,69,23,78234.36,2
SM-20005,147,22,24785.17,4
JR-15670,12,20,60713.2,1
DL-12925,57,21,51695.83,2
FM-14290,36,30,83012.11,2
DP-13165,7,25,131386.13,1
CK-12595,43,33,73161.96,2
CM-11830,6,24,96476.26,1
PP-18955,54,30,115686.46,2
MM-17260,4,26,87175.7,1
ME-17320,5,30,128283.8,1
CS-12490,2,30,46485.12,1
GH-14410,20,36,80488.2,1
MC-17635,5,34,126811.68,1
LM-7065,7,4,26086.29,3
AR-10510,14,29,66684.18,1
JH-15910,41,32,56664.97,2
DK-3375,117,10,14855.58,4
EG-13900,22,21,90743.03,1
AS-10630,35,19,80989.81,1
CL-11890,13,31,118372.07,1
CA-12265,34,31,91969.84,1
PF-19165,91,36,90678.88,2
DB-12970,217,11,66450.04,2
CL-12565,5,30,77594.31,1
MF-17665,51,29,56204.32,2
IM-15055,15,15,19765.55,3
EB-13975,0,32,54874.31,1
AA-10315,8,19,56735.25,1
MV-17485,16,27,38302.31,1
JW-15955,5,30,53976.08,1
TS-21610,20,30,92154.55,1
MC-17575,27,33,75034.32,1
JF-5415,37,11,41349.24,2
AH-10210,6,34,97045.92,1
KD-16345,41,15,54699.76,2
PG-18895,2,28,62234.73,1
HK-14890,43,27,56653.55,2
RR-19315,19,21,42357.78,1
HH-5010,196,3,8400.87,4
SH-20635,30,25,68663.44,1
AR-10825,22,38,79265.35,1
RP-9855,400,6,17459.55,4
LR-17035,45,26,74954.79,2
IM-5055,19,7,20604.45,3
CK-12325,61,27,42436.24,2
AS-285,99,13,31608.95,2
DK-12985,1,35,67283.57,1
EH-4185,121,8,11994.75,4
ML-17395,0,25,100065.93,1
BF-11215,26,27,62566.48,1
MB-7305,22,8,33412.39,1
CR-12580,22,20,62561.84,1
TB-21520,30,34,76316.38,1
KN-16450,37,26,83834.99,2
HR-14770,13,18,57916.2,1
CK-12760,57,26,30022.59,2
RO-9780,4,9,12600.81,3
EN-13780,14,20,23162.61,3
AH-10465,70,20,50897.79,2
AH-10585,21,22,50912.04,1
RB-9435,216,6,12273.37,4
AG-525,15,7,29853.14,1
AR-10345,29,26,55138.34,1
MW-8220,44,8,4508.94,4
AH-210,457,4,15753.81,4
TH-21235,8,26,69177.03,1
LT-7110,55,6,65052.59,2
HD-14785,42,29,78167.65,2
MC-7575,9,8,15147.68,3
MH-18025,20,19,60724.42,1
CC-2475,55,7,10182.45,4
CM-12190,0,25,65866.07,1
RA-19915,12,27,95716.08,1
MT-18070,127,24,44647.61,2
JF-15415,2,23,70117.97,1
ES-14020,0,32,63077.87,1
CC-12685,54,20,61966.27,2
IM-15070,40,27,107811.47,2
DA-13450,13,25,76867.29,1
SS-10410,26,10,21453.06,3
BM-11650,33,24,64416.96,1
SW-20350,12,21,34015.27,1
CM-1830,113,13,22017.02,4
MY-17380,29,28,76993.24,1
MS-7830,4,8,22850.87,3
HG-14965,23,34,88705.95,1
DC-13285,18,23,100658.44,1
DL-13315,18,27,98680.91,1
JK-15370,1,27,50492.12,1
CH-2070,306,8,18559.89,4
MH-7440,96,8,11119.38,4
MC-17845,1,31,47820.09,1
PW-19030,7,31,60424.99,1
BS-11590,35,23,60852.11,1
DO-13435,64,32,72098.84,2
SG-20890,16,22,52611.57,1
SU-20665,4,23,28167.59,3
JC-16105,57,28,46651.36,2
TB-21190,49,17,54701.23,2
SV-10785,21,7,23784.41,3
VP-21760,75,28,74816.98,2
LR-16915,26,26,94993.16,1
TH-21550,5,26,66195.13,1
TC-11145,12,10,15693.33,3
JL-15235,13,24,93582.24,1
RK-19300,85,26,67889.88,2
CC-12670,16,28,43807.73,1
DB-13555,36,22,43911.71,2
SG-20605,75,32,53694.36,2
MG-17890,5,29,79335.95,1
MA-17560,64,24,42614.85,2
CB-12025,9,25,64335.29,1
DH-13075,75,25,68168.37,2
BT-11395,28,24,57618.22,1
TT-11265,94,9,15495.4,4
TH-11235,230,10,11352.17,4
VG-21790,110,27,44683.11,2
NW-18400,172,26,75385.81,2
VP-21730,30,29,56034.89,1
SS-20410,33,27,86507.92,1
JE-15715,9,36,131561.76,1
AG-270,13,8,12244.16,3
BW-11200,40,29,52507.74,2
EK-13795,44,17,28088.55,4
SG-20080,3,17,44937.29,1
SC-10725,91,7,13222.78,4
AG-10525,12,20,38858.19,1
MG-18145,2,24,98665.99,1
BD-11605,97,19,35341.59,2
PB-19105,57,16,44059.49,2
SC-20575,27,33,44711.73,1
DO-3435,36,10,19476.21,4
CC-12220,20,32,40006.53,1
TS-21430,19,22,45724.33,1
AZ-10750,70,18,53676.69,2
IG-15085,13,25,42768.86,1
SP-20860,54,26,67510.54,2
KM-16225,0,18,37045.25,1
KM-6720,349,3,9976.83,4
MM-18055,15,25,42028.13,1
RB-19360,20,25,143105.86,1
NC-8415,106,5,4624.34,4
SN-20710,44,24,57607.47,2
DL-3330,705,3,2593.05,4
JG-15115,68,19,55074.8,2
CJ-11875,13,23,56227.03,1
AY-10555,14,16,25149.98,3
BV-11245,44,22,94034.3,2
PO-9195,33,8,39609.22,1
GZ-4545,30,6,28308.53,1
PN-18775,15,33,57662.41,1
SC-20800,30,24,68480.7,1
AC-10615,6,29,52114.04,1
VB-21745,12,21,57614.91,1
TT-11460,42,8,6427.62,4
AC-10420,6,24,80610.9,1
CG-12040,21,19,14649.14,3
TR-11325,168,4,6921.14,4
SC-20440,9,25,29128.78,1
BT-11305,28,24,42993.53,1
JB-15925,9,19,54280.01,1
GW-14605,18,25,92334.39,1
SC-20725,7,30,85934.88,1
EH-13765,2,29,83559.27,1
YS-21880,9,26,96423.61,1
FO-14305,22,37,81656.47,1
RP-19855,21,27,41347.7,1
AB-10600,50,22,75324.59,2
KB-16240,4,27,54917.32,1
KA-16525,16,35,78054.58,1
EM-3960,194,8,9518.03,4
JD-15790,15,24,62779.86,1
JL-15850,44,22,35541.55,2
JW-16075,1,25,107697.58,1
LL-6840,35,9,14578.94,3
TH-21100,6,27,58490.38,1
MC-17275,44,34,52448.51,2
NG-8430,18,8,8010.31,3
KD-16615,75,24,75614.35,2
MC-17605,49,26,52585.49,2
JK-15625,1,27,55862.13,1
TS-11505,287,4,8203.77,4
LD-6855,80,8,11759.17,4
LP-17080,40,24,36865.18,2
CV-12805,4,20,46872.02,1
MO-17500,36,24,41127.22,2
MS-17530,15,25,60963.2,1
GA-14515,22,24,59418.12,1
CS-12355,6,31,36243.61,1
GM-14500,106,23,29427.68,2
CC-2670,146,6,4974.22,4
MN-17935,8,21,66780.77,1
JM-16195,57,25,29647.37,2
DB-13615,27,28,40734.26,1
PK-18910,98,16,32975.74,2
LS-16945,27,20,44562.93,1
JK-15730,48,34,108040.13,2
SW-10275,49,5,6503.84,4
MC-18100,41,33,47414.05,2
EH-13945,57,27,36246.14,2
LC-16930,41,26,63967.16,2
MA-17995,42,22,48784.78,2
SP-20650,20,24,49891.38,1
JH-15430,5,31,56966.76,1
ML-17755,1,28,74334.29,1
PC-18745,2,21,50505.25,1
KE-16420,26,31,69578.65,1
EM-4200,151,4,5579.92,4
DW-13480,65,23,82270.51,2
SC-10680,189,4,33581.6,2
JG-15805,0,37,109900.78,1
LL-16840,26,26,64321.97,1
PV-8985,144,6,36268.54,2
PO-19180,160,24,96005.4,2
SH-19975,25,29,49008.47,1
GA-14725,2,24,30814.08,1
GT-4755,0,8,10792.43,3
PR-18880,25,29,65021.25,1
AG-10765,28,27,52688.44,1
SE-20110,9,36,127945.34,1
JB-16045,0,24,77235.12,1
JM-5580,49,5,1066.97,4
JO-15280,14,21,31303.76,1
LP-17095,9,26,63524.95,1
EJ-14155,27,23,55635.51,1
VW-21775,6,30,79776.23,1
GM-14455,16,17,47805.63,1
BF-1080,209,6,14864.55,4
SM-20905,37,17,26090.68,4
BO-1425,1,8,12510.84,3
AW-10930,35,22,63484.9,1
JP-15460,36,26,59845.88,2
AS-10240,12,31,45310.82,1
TB-11625,398,5,7618.16,4
JP-5520,112,4,5763.74,4
BD-11770,35,26,44752.22,1
BD-11635,9,25,51736.38,1
CC-2370,6,9,33440.2,1
PO-8850,127,4,8148.64,4
TZ-21445,8,28,50997.13,1
RB-19435,19,28,60076.8,1
JE-15475,35,22,23463.98,3
AI-10855,13,22,37559.43,1
MH-17440,8,25,30943.64,1
JE-6165,36,8,19730.48,4
DS-13180,14,31,63164.4,1
AC-10660,2,21,30051.03,1
MH-17455,54,27,44282.63,2
CC-12430,0,29,74043.74,1
NG-18355,48,21,32240.66,2
RC-19825,118,25,38839.74,2
JD-16015,48,24,47734.84,2
JH-5910,40,8,17513.21,4
SC-10695,174,4,3262.59,4
RD-9930,28,11,37426.97,1
LC-6930,71,9,19880.49,4
DW-13195,6,26,42084.63,1
RD-19900,32,29,69245.71,1
MV-18190,19,30,84865.3,1
RD-19480,0,27,89703.59,1
SV-20365,87,31,131792.64,2
LS-17230,4,24,36650.39,1
GD-14590,5,29,122781.27,1
EB-13750,32,20,39671.86,1
KH-6360,100,7,4875.39,4
BF-11275,6,23,39426.56,1
NG-18430,27,28,93878.13,1
Co-12640,4,25,49913.52,1
SF-20965,48,17,33319.3,2
KB-16405,19,28,70956.84,1
LC-16870,27,21,42514.93,1
JL-15505,30,22,47094.61,1
BD-11725,4,30,47455.66,1
TM-21010,64,27,85967.22,2
AB-150,398,4,29425.86,2
BW-11065,50,18,39654.65,2
FM-14380,145,21,33142.72,2
PC-8745,57,5,3130.14,4
BN-1470,22,7,11398.33,3
AH-10120,60,22,49476.04,2
LF-17185,22,22,72947.94,1
DJ-13630,12,27,80998.78,1
SJ-20125,32,30,53598.07,1
ML-18265,100,26,59827.08,2
SF-10965,180,6,4536.38,4
PO-8865,352,6,14192.17,4
MH-17290,37,25,69637.55,2
NR-18550,2,26,40921.02,1
MK-17905,21,31,60708.91,1
DB-13660,12,20,50755.05,1
PH-18790,57,19,33793.34,2
AB-10165,13,29,57195.73,1
CA-12055,13,22,42892.03,1
JF-5295,63,8,13273.12,4
KT-16465,43,32,77273.15,2
RB-9705,149,12,17373.68,4
BD-1725,100,13,14211.1,4
EB-13705,48,30,54953.54,2
MG-17875,5,33,71959.39,1
MG-17650,19,21,55910.5,1
AG-10270,40,25,74637.37,2
NP-8685,114,4,21082.53,4
AS-630,33,11,5058.89,3
SC-20680,21,31,57307.97,1
MC-17590,51,25,49565.44,2
TP-11415,641,4,6749.53,4
HH-15010,54,24,63968.89,2
BT-11485,30,29,35365.96,1
EB-13870,15,19,26095.3,3
JP-15520,8,26,66605.47,1
CM-2115,20,3,3577.89,3
EA-14035,93,31,53073.36,2
FH-14350,1,20,48310.51,1
BS-1800,11,9,20537.05,3
AA-10375,6,23,23893.64,3
BN-11515,9,23,37586.33,1
EG-3900,51,11,30592.1,2
RE-19405,28,21,68740.19,1
ND-18460,5,22,65561.94,1
TT-21460,12,32,91815.51,1
ML-18040,7,19,44356.9,1
JL-5505,341,3,22409.58,4
SP-20545,16,20,37473.1,1
SF-10065,229,8,23807.29,4
AS-10045,23,28,60494.65,1
TT-11220,5,9,3757.91,3
AH-10195,49,25,60202.24,2
KH-6630,326,5,3882.14,4
AA-10645,28,36,72217.61,1
JL-15130,8,28,61962.32,1
KM-6375,321,5,7583.68,4
LS-16975,20,22,32760.56,1
KL-16645,47,28,102301.11,2
EH-14185,67,29,64174.61,2
KW-6570,48,6,8826.06,4
DB-3060,8,8,6042.81,3
FA-14230,22,29,58182.09,1
JF-15565,1,29,96712.9,1
LO-7170,4,7,5220.52,3
KB-6315,22,11,11767.21,3
BS-11755,1,29,70552.88,1
RB-19465,0,36,105453.53,1
HF-14995,14,28,38827.66,1
MP-17965,27,39,77537.18,1
JJ-15445,33,19,43885.91,1
LC-17140,13,30,67930.09,1
TT-11070,37,2,9256.53,4
BF-11020,15,24,39005.15,1
ES-14080,28,24,71804.87,1
FC-14335,107,23,37306.28,2
TS-21160,8,22,29910.66,1
RE-9450,15,12,17254.59,3
JC-15340,34,29,95452.67,1
MH-17785,0,26,51853.41,1
RF-19840,6,31,88163.75,1
PG-18820,20,35,75176.48,1
DO-13645,26,25,53077.66,1
SC-10305,16,7,15865.19,3
TN-21040,22,29,38929.61,1
DR-12880,3,32,71225.09,1
EB-3975,35,9,14789.94,3
NS-8505,13,5,2917.89,3
SF-20065,58,21,32296.96,2
RA-19285,5,24,83772.03,1
LT-17110,34,26,58472.54,1
BF-11170,16,31,94705.57,1
AR-825,33,7,3461.99,3
SD-20485,15,32,64464.15,1
GW-4605,14,8,7735.15,3
DB-13120,5,16,32188.45,1
JC-5775,13,5,8741.25,3
ND-8460,8,10,8633.58,3
TC-11295,12,5,2518.09,3
DM-2955,12,9,11076.56,3
PJ-9015,196,8,73204.14,2
JH-5820,42,7,11150.15,4
ME-18010,42,27,36238.19,2
AH-10690,30,31,87155.61,1
RD-19660,93,21,53977.18,2
CD-1980,6,7,2983.6,3
CL-2565,42,6,9001.98,4
MO-7800,14,9,20102.61,3
CR-2580,34,5,22218.29,3
TC-10980,47,8,12058.43,4
RD-9900,92,10,20302.52,4
CS-12250,26,30,60041.2,1
CH-12070,89,21,46866.76,2
JF-15355,13,22,33336.8,1
AS-135,92,5,18016.17,4
SP-20620,5,31,103594.5,1
EC-14050,53,19,24686.9,4
IG-5085,1,12,25524.02,3
TB-21355,54,20,44091.42,2
MH-17620,23,20,41192.34,1
GT-14755,34,23,20406.78,3
DF-13135,9,18,41580.53,1
AS-240,498,5,6231.75,4
PG-8820,30,6,7450.8,3
JS-6030,218,4,3193.99,4
SS-20590,5,26,58974.79,1
CS-2490,169,3,3557.85,4
CM-2715,117,7,19116.49,4
BM-1140,13,6,4838.91,3
RD-19720,21,30,57880.0,1
LD-17005,49,27,48370.67,2
EB-3705,398,3,7330.95,4
RH-19555,7,21,42039.23,1
JP-6135,26,8,14766.39,3
PB-9210,307,7,28274.42,4
LC-16960,2,22,66806.71,1
JC-15385,8,25,61761.91,1
IL-15100,116,25,70803.59,2
SW-10245,22,4,3259.89,3
CP-2340,463,4,20337.87,4
NS-18640,36,37,67195.38,2
TR-21325,1,22,39895.5,1
NF-8385,1,11,12150.75,3
TZ-21580,35,19,47513.93,1
TB-11055,324,3,10905.71,4
AJ-10795,62,22,38614.61,2
GH-14485,51,21,102878.57,2
AG-10300,2,24,58027.19,1
EH-3945,111,9,5941.38,4
JD-6150,21,6,17049.93,3
KH-16360,1,28,41857.15,1
JB-6045,28,10,15263.36,3
AH-585,75,9,6067.73,4
MS-7530,51,8,5835.68,4
HA-14905,69,24,67746.22,2
JG-15310,2,24,66406.54,1
CD-1920,314,4,9712.18,4
TC-21535,0,30,35944.05,1
PB-9105,0,4,7361.2,3
AR-10405,54,22,41560.41,2
NK-18490,26,24,59367.15,1
MG-7695,335,7,12942.26,4
AJ-10945,28,29,53349.42,1
RS-19420,76,28,53942.73,2
SC-20770,40,32,68067.45,2
LM-17065,84,18,54333.98,2
DP-13000,61,31,71122.78,2
RD-9660,27,9,10605.32,3
LB-16735,9,29,55008.06,1
MZ-17515,23,25,55474.91,1
ER-3855,53,7,13608.22,4
MS-17710,29,26,37038.01,1
LC-6960,191,8,7004.2,4
GZ-14545,76,24,49803.82,2
JK-5625,316,8,19113.57,4
JJ-15760,2,28,82662.25,1
CA-2265,105,7,14980.76,4
CC-2220,21,12,12218.61,3
KL-6555,175,7,8165.77,4
CS-2175,57,5,22504.84,4
KL-16555,15,26,50864.87,1
RD-9810,53,7,20526.89,4
AJ-945,104,7,22987.51,4
CC-2685,131,5,11040.43,4
LO-17170,2,28,57941.53,1
DE-13255,19,22,54218.13,1
RF-9345,6,5,10272.19,3
SC-20020,8,34,51041.56,1
DW-13585,5,37,60597.17,1
EM-4065,52,9,24541.84,4
TD-20995,0,25,30371.74,1
BD-11320,5,32,58931.3,1
CW-11905,8,25,65405.29,1
CK-2325,0,8,12414.26,3
BP-11095,2,32,33896.51,1
DV-3465,13,5,10558.38,3
MY-7380,322,4,6710.89,4
PB-9150,41,10,7444.17,4
AG-10390,114,19,35837.48,2
KW-16570,22,34,35988.12,1
JF-5190,149,8,19251.38,4
GB-14575,13,24,47962.53,1
MR-7545,100,6,5819.82,4
MO-17950,6,14,16085.46,3
TA-11385,8,5,26014.94,3
JM-5655,122,8,5018.91,4
JS-5880,208,6,10680.62,4
HP-14815,30,24,31889.23,1
CS-12400,1,23,41548.69,1
DE-3255,48,8,12039.21,4
JD-6015,42,8,10124.48,4
CR-2730,5,11,4292.95,3
RC-9960,112,5,9322.65,4
AO-10810,36,27,64452.57,2
TB-11250,1,15,25026.48,3
RA-9285,254,14,24186.31,4
MG-8205,1,7,2699.27,3
MY-8295,43,10,13817.03,4
SR-20425,8,19,58703.97,1
BT-1530,352,7,6115.59,4
LS-7245,217,6,5606.01,4
AB-10255,5,31,42715.45,1
TH-21115,43,25,56281.05,2
LC-6885,209,9,6569.21,4
AC-660,119,4,7453.23,4
EM-14095,8,17,55133.88,1
BO-11350,111,20,34729.82,2
DM-3015,2,6,11937.93,3
DD-13570,41,24,46417.05,2
KN-16705,98,19,23284.4,4
HM-14980,25,29,51755.94,1
FM-4215,96,6,9433.33,4
JO-15145,57,23,49594.86,2
TC-11535,370,4,7214.44,4
JK-15205,61,24,79366.76,2
DA-3450,14,4,15370.29,3
DB-12910,2,27,55626.84,1
EH-4005,196,7,4943.48,4
DN-13690,19,24,57455.81,1
AS-10135,41,19,31123.58,2
MC-18130,51,23,43344.85,2
MM-18280,12,25,30162.93,1
RL-9615,265,8,4206.31,4
MA-7560,232,4,2366.53,4
HG-4845,141,9,5648.24,4
PB-8805,120,9,6037.76,4
RW-19630,77,26,36714.99,2
BT-11440,51,21,45016.26,2
JC-5385,15,9,9304.41,3
HR-4770,187,8,24693.82,4
DB-3615,107,4,13725.85,4
JK-6120,140,6,11389.59,4
SW-20455,7,22,16609.78,3
GH-4425,21,10,16924.81,3
GB-4575,209,6,8106.05,4
PA-19060,23,21,27581.0,3
CA-2775,309,4,4706.8,4
CV-12295,39,20,38879.35,2
PO-9180,29,9,3728.62,3
NC-18535,6,22,39925.03,1
GZ-4470,147,8,14190.49,4
AM-360,175,6,2557.77,4
AA-480,314,5,5794.62,4
TB-21595,28,26,44662.57,1
KH-16630,8,27,49109.61,1
TS-21655,84,24,44048.6,2
CD-11980,1,23,47958.13,1
DB-13360,47,28,30534.84,2
SK-9990,30,7,9981.07,3
PT-19090,6,25,48605.31,1
EH-13990,44,26,38497.79,2
ME-17725,28,28,30602.13,1
ZD-21925,1,20,31898.22,1
MW-8235,0,6,1517.33,3
BP-11050,5,21,26153.79,3
RC-19960,22,22,26675.14,3
PN-8775,53,5,2161.77,4
CB-12535,42,27,84749.93,2
LR-7035,106,9,8819.88,4
JG-5160,16,8,2224.9,3
SC-10845,53,4,10455.3,4
DK-13225,1,29,44362.02,1
CG-2520,119,7,2320.31,4
RS-19870,19,20,33890.14,1
DK-2835,21,11,13937.22,3
CM-2385,574,4,1016.99,4
JE-5745,194,7,6974.22,4
CA-1965,127,8,13152.6,4
Dl-3600,111,10,5904.13,4
DL-2865,202,7,6564.62,4
CM-2445,348,4,9355.04,4
DB-13270,9,25,60265.42,1
EB-4110,20,10,5527.23,3
BD-11620,49,25,35339.44,2
MN-7935,30,6,11561.57,3
DB-2910,54,8,10416.72,4
LH-7155,127,8,7412.07,4
JS-5940,23,13,6942.24,3
GH-4410,297,9,4373.58,4
SC-10380,275,4,5356.44,4
SL-10155,166,14,10532.64,4
EK-3795,212,6,5193.18,4
PH-8790,114,8,8190.93,4
HD-4785,106,7,6038.41,4
CM-2190,152,4,6262.02,4
AR-570,70,9,6673.92,4
BT-1305,31,10,3492.36,3
MH-7785,7,9,5914.88,3
SC-10260,141,7,9233.27,4
LW-7125,33,9,5523.69,3
SM-10905,132,5,5365.01,4
TT-21265,1,20,20872.12,3
EJ-3720,156,8,5089.87,4
RS-9765,123,6,4761.57,4
EM-4095,131,9,6060.02,4
AJ-10960,48,17,38130.76,2
BD-1770,238,5,14746.63,4
BE-1410,21,7,4446.96,3
KC-6255,57,8,2270.0,4
DV-3045,33,13,19201.02,3
JD-5895,2,6,4784.43,3
JM-5865,70,6,2545.87,4
JK-5205,591,5,4915.86,4
CL-2700,141,4,8747.45,4
GG-4650,103,5,3386.62,4
LS-6945,6,12,6118.07,3
JL-5850,697,4,5790.81,4
VP-11760,236,3,7767.44,4
NF-8595,512,5,3889.6,4
LE-16810,14,24,43425.73,1
JJ-5445,19,6,8946.38,3
CS-2130,305,4,11009.08,4
BM-1575,40,9,3804.86,4
AC-615,92,7,7427.71,4
HG-5025,23,7,5227.81,3
TB-11400,111,9,11960.98,4
RB-9330,112,8,17566.76,4
JP-5460,188,10,13246.05,4
JL-5175,124,5,5140.95,4
AA-315,2,7,7865.98,3
TS-11370,18,10,14443.04,3
SS-10140,29,7,10963.82,3
DP-3000,14,10,5164.05,3
JS-5685,142,5,6350.52,4
PW-19240,1,24,22039.03,3
NW-8400,117,7,46829.22,2
TS-11340,40,5,3655.84,4
JH-5985,52,7,6649.44,4
NG-8355,103,7,7776.45,4
FP-14320,23,29,44029.33,1
SH-20395,23,33,58690.27,1
JP-16135,43,34,47752.63,2
JM-5250,6,5,14760.38,3
MA-7995,16,11,6119.66,3
DR-2940,39,8,12896.7,4
BF-1020,96,7,8952.06,4
CS-2400,11,5,8734.77,3
JM-15535,14,20,31383.3,1
JS-15940,5,15,16309.27,3
AF-870,5,9,3230.3,3
NP-8670,226,6,8587.77,4
SU-10665,48,6,19797.21,4
RD-9585,35,7,19661.58,3
TP-21565,14,30,53556.31,1
LA-6780,1,12,8785.57,3
LH-7020,58,3,2992.09,4
JE-5475,27,8,4886.23,3
ES-4080,145,9,3262.28,4
EM-4140,93,6,7388.74,4
DS-13030,93,26,60842.25,2
ZD-11925,3,9,11160.13,3
JO-5550,12,9,17266.97,3
TB-11595,162,4,1622.37,4
GM-4500,104,5,33266.91,2
DD-3570,63,8,5070.2,4
FH-4365,166,9,10141.25,4
MK-18160,22,20,43544.02,1
NM-8445,33,9,16084.44,3
JF-5355,96,9,13355.45,4
BF-975,22,8,7167.67,3
SS-20875,14,21,21256.62,3
PF-9165,34,7,6306.52,3
SV-10365,183,5,1779.79,4
BB-10990,14,30,44925.95,1
PW-9240,61,7,2187.75,4
JF-15490,4,30,42368.63,1
CW-1905,384,4,2215.95,4
LC-7140,16,6,7414.71,3
HK-4890,56,6,4575.4,4
BT-1440,93,10,8400.53,4
RD-19810,14,30,36646.1,1
KL-6645,0,5,4785.58,3
VG-11805,135,4,1576.81,4
PF-9225,14,7,2943.92,3
AB-15,412,5,25845.87,4
LW-6990,14,11,8442.75,3
PS-8970,124,4,10714.57,4
LW-17125,41,16,26110.66,4
MC-7590,336,3,3335.64,4
JO-15550,71,19,15178.16,4
SJ-10125,294,9,7721.22,4
SS-20515,0,19,38539.5,1
RB-19645,150,22,22386.24,4
BP-1050,11,9,14838.47,3
PG-8895,299,6,6003.23,4
RM-19750,16,19,38455.81,1
KM-6225,371,3,8714.85,4
AH-120,21,4,3269.62,3
BM-1785,48,9,7697.83,4
NR-8550,14,8,3154.1,3
EB-14170,19,23,32926.65,1
PB-19150,5,33,36498.36,1
TP-11130,139,6,2519.14,4
KN-6450,93,8,7936.97,4
RD-9720,58,8,11004.28,4
RS-9870,20,8,4943.89,3
EB-3840,43,6,3251.9,4
TC-21475,1,29,44769.86,1
BH-1710,93,10,17844.49,4
MH-7620,245,7,1547.35,4
PT-9090,2,5,16724.74,3
DC-2850,34,9,12153.46,3
AG-900,23,4,14122.02,3
DC-12850,37,29,39498.9,2
JF-5565,420,6,16136.84,4
SR-10740,21,4,4645.02,3
MK-7905,149,11,3137.88,4
JK-5370,144,6,11054.11,4
GM-4680,72,6,5064.26,4
PC-9000,572,4,8973.17,4
DL-3315,47,6,6170.97,4
JL-5235,1,4,4719.26,3
BB-990,50,7,1187.26,4
RP-9390,270,7,21668.4,4
ES-4020,28,7,5904.75,3
MH-7455,92,10,13827.42,4
JD-5790,299,5,3975.47,4
DB-3270,48,2,2305.11,4
PK-9075,494,3,1396.54,4
NM-8520,158,1,16694.55,4
MO-7500,281,5,1901.61,4
SG-10890,400,6,4096.63,4
MF-8250,62,6,3735.81,4
JG-5310,43,5,3097.52,4
YS-11880,4,6,4613.23,3
FC-4245,491,6,4153.99,4
BW-1110,184,10,4016.97,4
BS-1590,237,5,4398.09,4
CS-2460,202,8,4518.28,4
MH-7290,737,3,3977.4,4
KE-6420,251,4,771.96,4
AJ-780,1,12,4618.57,3
MM-7920,28,6,2648.01,3
ML-8265,8,9,2438.41,3
RR-9315,232,4,12518.85,4
JF-5490,99,7,3632.99,4
AG-765,114,8,4342.39,4
DS-3030,48,6,11638.57,4
AH-75,37,8,10062.84,4
NB-18580,452,10,23480.03,4
KD-6270,811,1,3213.68,4
MJ-7740,159,4,1720.58,4
DM-3525,321,6,8352.37,4
GH-4665,1,9,4747.93,3
RM-9675,36,8,6807.47,4
TS-11610,175,5,7257.42,4
PR-8880,196,5,2495.26,4
HP-4815,63,5,6597.83,4
EC-4050,162,7,6344.05,4
BF-1005,734,2,3179.4,4
SC-10050,42,7,6681.59,4
DM-3345,145,6,46827.95,2
CD-2280,12,7,3266.72,3
BP-1095,11,6,3978.04,3
TC-11475,204,9,4938.89,4
DW-3540,54,4,3650.46,4
BE-1455,146,2,4951.17,4
AH-195,278,9,11511.06,4
DO-3645,41,5,5503.87,4
CA-2055,258,3,4032.39,4
LP-7080,184,7,6019.94,4
BN-1515,27,8,13601.99,3
NK-8490,206,4,7140.69,4
AR-510,104,10,10235.3,4
VM-11835,8,3,13911.21,3
TH-11115,119,6,6706.77,4
AB-165,16,6,5069.35,3
LB-6735,137,7,7636.17,4
GA-4515,35,7,5417.13,3
DJ-3630,34,6,4010.15,3
LT-6765,8,4,2249.13,3
SG-10080,369,6,1214.51,4
TB-11175,216,4,2769.82,4
AP-915,92,5,6288.9,4
ON-8715,459,5,4593.67,4
SB-10290,191,5,5741.58,4
AJ-795,36,10,10986.68,4
TP-11565,103,5,955.83,4
ML-8040,44,7,4093.82,4
LC-6870,23,8,2501.87,3
AB-105,43,7,8024.02,4
AW-840,56,7,5026.84,4
JO-5280,19,4,9027.57,3
ME-7320,20,10,8401.2,3
SW-10455,7,9,6284.21,3
LP-7095,0,4,3637.56,3
DW-3195,1063,4,2265.01,4
SC-10770,184,7,7273.06,4
HE-4800,36,8,5285.86,4
DL-3495,282,5,1510.24,4
EJ-4155,22,5,9569.37,3
JH-6180,27,9,24900.55,3
DK-3150,57,14,4832.72,4
XP-11865,160,3,11015.77,4
KT-6480,84,7,4064.81,4
MB-8085,11,8,10394.28,3
AR-345,141,9,7165.33,4
BD-1320,5,6,4839.99,3
DP-3165,7,6,3753.88,3
KD-6495,398,4,2829.9,4
CK-2595,215,3,2646.84,4
SB-10170,26,5,3030.85,3
JJ-5760,268,6,6420.86,4
GH-4485,85,4,4014.22,4
DB-3555,5,3,1904.47,3
LB-6795,56,8,11023.5,4
KT-6465,105,7,5207.33,4
GA-4725,70,4,5329.06,4
DK-3090,68,3,1008.02,4
SS-10590,28,3,5501.94,3
SD-10485,40,8,1964.3,4
TS-21085,41,19,21296.77,4
RA-9945,20,9,4558.23,3
JO-5145,5,6,7425.23,3
LW-7215,132,5,2430.29,4
RB-9645,239,3,385.7,4
MV-7485,470,5,1003.24,4
BW-1200,133,4,7694.17,4
CC-2610,344,3,1947.44,4
BD-1560,90,5,12696.9,4
CS-2505,50,7,6435.96,4
VT-11700,30,7,3916.0,3
MC-7845,34,4,1273.61,3
KH-6690,238,7,4407.23,4
VS-11820,22,7,6567.88,3
NF-8475,43,7,3219.95,4
TB-11190,114,4,1814.91,4
TS-11205,307,3,1655.41,4
TD-10995,180,3,2684.44,4
EB-3750,184,6,4403.24,4
AH-690,58,5,10640.63,4
TB-11280,156,9,2164.12,4
AM-705,136,6,2063.55,4
BD-1620,117,11,8776.14,4
KF-6285,32,9,10084.72,3
BE-1335,572,5,1679.86,4
HA-4905,13,4,4751.06,3
ND-8370,33,6,9273.01,3
AA-645,51,11,4264.86,4
CC-2430,471,2,7555.17,4
PL-8925,49,3,2703.33,4
SO-10335,400,4,3200.44,4
AY-555,35,11,10381.57,3
JB-6000,174,7,4640.61,4
SN-10560,13,6,2202.82,3
AH-465,241,4,744.76,4
HW-4935,56,7,3114.47,4
MC-7425,35,5,7416.48,3
BT-1680,57,4,1299.36,4
MG-7650,495,1,301.71,4
CB-2415,516,4,4831.49,4
CK-2760,37,12,8418.99,4
AG-330,2,7,2010.24,3
MK-8160,40,10,10193.3,4
NC-8625,461,2,836.16,4
MO-7950,98,3,984.98,4
HF-4995,390,8,3937.46,4
SJ-10215,56,9,3884.41,4
AO-810,7,5,912.42,3
RM-9375,9,7,5605.42,3
MM-8055,33,8,6063.96,3
DN-3690,12,5,3063.79,3
EB-3930,7,9,14024.96,3
NH-8610,5,6,9164.83,3
EL-3735,26,11,13780.42,3
PS-8760,347,5,4700.43,4
ST-10530,95,6,1787.4,4
RH-9510,700,7,6545.06,4
BD-1605,275,5,1117.5,4
SC-10440,92,4,5484.13,4
CG-2040,378,5,869.98,4
TG-11310,160,3,1097.82,4
FO-4305,51,10,8130.35,4
CS-1950,135,5,1253.5,4
LE-6810,63,6,4478.4,4
DR-2880,4,8,7578.78,3
JR-5700,13,6,13566.98,3
MS-7710,63,8,4602.98,4
PM-8940,55,9,5897.41,4
AZ-750,26,10,5153.03,3
AA-375,253,8,1566.3,4
FM-4290,2,8,4222.57,3
CR-2820,55,8,7327.39,4
VB-11745,4,4,1449.21,3
RH-19600,6,21,16676.01,3
KH-6330,19,13,6758.36,3
ME-7725,11,11,5362.59,3
FA-4230,184,6,1237.27,4
GM-4455,208,4,1278.63,4
KH-6510,15,7,9209.46,3
CD-2790,131,7,1895.22,4
NB-8580,428,7,2331.78,4
CS-2250,2,4,7607.36,3
SP-10920,107,4,1914.87,4
TH-11100,253,4,4746.87,4
DC-3285,392,4,2123.92,4
CM-2655,50,12,3775.69,4
RF-9735,118,3,1759.77,4
LH-6750,125,5,2590.71,4
JM-5265,120,4,4292.69,4
CS-1845,24,8,4750.49,3
CS-1860,50,9,2046.91,4
BT-1485,97,9,15002.26,4
KB-6240,201,7,2600.34,4
KB-6600,9,11,3615.46,3
LS-7230,99,10,2080.45,4
MS-7365,111,5,5076.36,4
BG-1740,16,4,3756.15,3
HJ-4875,310,6,1515.06,4
LR-6915,684,3,919.85,4
JW-6075,266,4,1839.03,4
DJ-3420,1,4,934.56,3
SP-10650,169,6,2461.53,4
VM-21835,111,20,8507.62,4
CM-1815,61,5,1828.76,4
MH-8025,14,9,1817.23,3
RD-9480,47,6,1824.21,4
PW-9030,57,7,4197.33,4
EB-4170,54,6,3886.62,4
SM-10950,104,9,4132.25,4
NP-8325,15,8,3281.26,3
MP-8175,90,6,6913.13,4
CM-2160,49,5,6599.34,4
NP-8700,37,6,5582.44,4
BP-1185,4,10,3366.95,3
SW-10755,43,7,7125.58,4
AC-450,181,7,2187.87,4
SE-10110,78,3,1560.33,4
BS-1365,37,5,4580.49,4
RM-9750,40,7,2479.54,4
BT-1395,33,4,1155.38,3
BP-1155,261,6,5412.18,4
GT-4635,9,7,5120.01,3
CM-1935,48,7,1750.25,4
RE-9405,71,6,4548.3,4
KS-6300,106,4,353.55,4
TS-11160,105,5,3746.91,4
ML-7395,132,7,2757.42,4
BF-1170,193,6,1516.38,4
NS-8640,47,8,3677.92,4
RB-9570,446,5,860.68,4
FM-4380,1,6,1352.48,3
AG-300,98,6,8398.73,4
SW-10350,100,9,2088.55,4
JR-6210,37,6,2247.64,4
MD-7350,82,6,4924.89,4
ML-7755,26,7,3125.58,3
HA-4920,90,6,1037.63,4
AS-45,233,3,3911.59,4
BF-1215,117,5,652.76,4
LH-6900,306,3,1378.85,4
DP-3390,12,6,2250.81,3
DH-3075,159,10,6533.93,4
HM-4860,34,4,1042.77,3
SB-10185,78,7,4375.21,4
RF-9840,138,6,1299.86,4
SV-10935,11,3,1223.33,3
CS-2355,55,9,1642.26,4
GM-4695,222,7,1037.32,4
AT-435,28,12,2580.85,3
MC-8130,287,5,2331.24,4
FP-4320,27,5,1016.32,3
DK-3225,65,8,3582.41,4
VG-11790,147,4,1346.89,4
LF-7185,177,5,1375.87,4
NC-8535,138,7,4886.91,4
DB-3405,557,2,548.68,4
MH-8115,58,7,3715.49,4
SA-10830,10,10,2086.66,3
JK-5640,173,4,428.43,4
VF-11715,94,4,1195.88,4
VW-11775,7,5,4660.46,3
SN-10710,252,4,3777.67,4
MS-7980,6,5,2979.62,3
AD-180,5,3,1676.76,3
MC-8100,104,3,2296.92,4
JB-5925,22,8,3513.34,3
JC-5340,142,6,3015.22,4
MF-7665,48,3,294.81,4
RP-9270,286,6,2756.45,4
PF-9120,83,10,6702.63,4
DK-2895,146,6,2045.97,4
RW-9630,399,2,1106.01,4
TM-11490,55,8,5947.12,4
Co-2640,362,5,2082.17,4
EM-3810,58,6,3374.71,4
JK-6090,12,5,8115.98,3
JH-5430,7,9,2534.26,3
AR-405,222,6,583.54,4
TZ-11580,48,5,689.36,4
BG-1035,600,1,248.83,4
PS-9045,61,7,2864.71,4
MS-7770,98,6,2321.4,4
SS-10875,250,4,3804.53,4
DB-2970,57,4,649.59,4
SS-10515,674,3,578.19,4
AW-930,37,6,2535.98,4
PK-8910,121,4,3678.97,4
GM-4440,1,8,2189.81,3
CY-2745,492,4,443.57,4
RW-9690,98,8,2641.55,4
CC-2100,60,5,2993.32,4
KD-6345,57,6,1700.94,4
KN-6390,273,3,671.16,4
GT-4710,55,4,2069.5,4
TS-11085,219,8,4641.36,4
RR-9525,89,7,4006.03,4
MT-7815,176,6,3218.42,4
JA-5970,0,7,4314.45,3
CB-2535,7,2,159.77,3
AP-720,37,6,4133.86,4
SP-10860,398,2,947.17,4
IL-5100,163,7,2017.43,4
VD-11670,0,9,3157.21,3
EH-3765,128,9,4595.74,4
BS-1755,295,5,3136.48,4
HL-5040,188,4,1050.58,4
CA-2310,336,5,912.54,4
AC-420,13,9,2917.84,3
CC-2145,504,6,2446.45,4
KB-6585,371,2,216.78,4
JG-5115,5,9,12842.31,3
GK-4620,100,4,1365.63,4
FW-4395,0,8,3169.38,3
VM-11685,13,6,2129.02,3
RB-9360,93,4,963.61,4
AG-495,48,11,4035.02,4
IM-5070,50,7,6050.32,4
MC-7635,664,4,1262.05,4
SH-10635,158,4,2054.34,4
KC-6540,33,7,1226.83,3
QJ-9255,61,5,875.09,4
JK-5325,460,3,332.36,4
AI-855,203,4,1553.55,4
SC-10095,225,7,3807.23,4
CT-1995,783,2,552.31,4
PJ-8835,42,6,3615.0,4
JM-6195,12,8,2490.89,3
CV-2295,85,9,2654.44,4
DB-3120,358,4,1111.83,4
NL-8310,575,2,397.42,4
BB-1545,49,5,262.97,4
BV-1245,128,3,1214.54,4
BS-1380,131,5,1963.46,4
KA-6525,93,7,5703.48,4
RB-9795,30,5,695.39,3
EP-3915,75,3,1720.59,4
JS-5595,679,6,1157.81,4
JE-5610,175,6,1733.69,4
CJ-1875,32,6,3545.11,3
TH-11550,389,5,896.13,4
HR-4830,148,3,391.94,4
KC-6675,19,3,1439.42,3
LS-7200,383,4,676.69,4
DL-2925,37,7,2022.34,4
WB-11850,114,2,329.8,4
SJ-10500,274,3,3317.99,4
DF-3135,43,4,10981.28,4
SZ-10035,956,4,2916.09,4
CK-2205,79,5,2799.68,4
TM-11010,242,3,2889.32,4
FC-4335,110,4,1593.39,4
GB-4530,113,5,1357.8,4
BF-1275,128,7,3336.51,4
NB-8655,110,5,434.62,4
EH-3990,33,6,1789.7,3
SP-10545,18,4,709.14,3
Dp-3240,25,7,1025.7,3
LW-6825,32,11,1568.5,3
EN-3780,205,8,2573.72,4
TZ-11445,368,7,1873.81,4
KD-6615,186,3,411.96,4
LD-7005,43,6,597.5,4
CL-1890,92,9,824.14,4
HG-4965,99,5,1745.63,4
BO-1350,21,6,1551.55,3
YC-11895,99,4,178.54,4
JM-5535,243,5,5127.6,4
RA-9885,125,8,1393.86,4
KM-6660,30,3,197.6,3
DW-3585,28,4,639.05,3
TS-11655,202,6,964.68,4
RK-9300,28,4,686.76,3
SC-10020,264,4,709.19,4
AG-390,112,4,713.92,4
AT-735,69,5,890.07,4
JW-5955,106,2,565.31,4
AF-885,167,2,640.83,4
KB-6405,387,3,869.7,4
BP-1290,369,4,1683.48,4
OT-8730,242,4,276.41,4
LS-6975,178,5,3868.36,4
GD-4590,352,4,1468.67,4
MP-7965,196,8,971.49,4
DS-3180,71,2,392.95,4
ED-3885,56,8,789.08,4
NZ-8565,99,4,470.11,4
JG-5805,133,3,288.96,4
EB-3870,497,5,286.0,4
BG-1695,44,5,1413.75,4
SR-10425,44,5,825.04,4
AS-90,21,4,678.77,3
SP-10620,139,5,1103.16,4
SH-10395,63,4,129.03,4
AR-540,221,8,1294.04,4
CM-2235,51,5,506.78,4
AS-225,2,7,992.84,3
RA-9915,139,2,1023.3,4
RS-9420,33,7,1030.5,3
TN-11040,54,2,187.35,4
VP-11730,28,4,486.86,3
KW-6435,147,4,952.65,4
PP-8955,14,3,796.4,3
SC-10575,373,2,1697.94,4
ML-7410,169,3,280.06,4
CJ-2010,46,3,223.56,4
FG-4260,110,9,632.98,4
TW-11025,19,8,574.61,3
DB-3210,582,7,932.25,4
EA-4035,165,3,380.5,4
EM-3825,482,6,699.75,4
TB-11355,14,8,1087.75,3
ME-8010,392,1,1605.0,4
JE-5715,86,7,287.5,4
MC-7605,195,2,342.21,4
FH-4350,14,3,205.54,3
BC-1125,29,6,600.81,3
MG-7875,403,1,130.59,4
FH-4275,134,5,290.47,4
DK-2985,1206,1,651.46,4
BK-1260,40,6,628.38,4
MP-7470,543,2,98.7,4
SC-10800,359,2,264.86,4
BD-1500,398,3,66.12,4
RC-9825,741,1,149.76,4
MG-7890,373,1,19.13,4
ZC-11910,200,1,7.17,4
